,month,credit_amount,investment_as_income_percentage,residence_since,number_of_credits,people_liable_for,status_A11,status_A12,status_A13,status_A14,credit_history_A30,credit_history_A31,credit_history_A32,credit_history_A33,credit_history_A34,purpose_A40,purpose_A41,purpose_A410,purpose_A42,purpose_A43,purpose_A44,purpose_A45,purpose_A46,purpose_A48,purpose_A49,savings_A61,savings_A62,savings_A63,savings_A64,savings_A65,employment_A71,employment_A72,employment_A73,employment_A74,employment_A75,other_debtors_A101,other_debtors_A102,other_debtors_A103,property_A121,property_A122,property_A123,property_A124,installment_plans_A141,installment_plans_A142,installment_plans_A143,housing_A151,housing_A152,housing_A153,skill_level_A171,skill_level_A172,skill_level_A173,skill_level_A174,telephone_A191,telephone_A192,foreign_worker_A201,foreign_worker_A202,sex_female,sex_male,age_adult,age_youth
0,24,1381,4,2,1,1,1,0,0,0,0,0,1,0,0,1,0,0,0,0,0,0,0,0,0,0,0,0,0,1,0,0,1,0,0,1,0,0,0,1,0,0,0,0,1,0,1,0,0,0,1,0,1,0,1,0,1,0,1,0
1,6,1872,4,4,3,1,1,0,0,0,0,0,0,0,1,0,0,0,1,0,0,0,0,0,0,1,0,0,0,0,1,0,0,0,0,1,0,0,0,0,0,1,0,0,1,0,0,1,0,0,0,1,0,1,1,0,0,1,1,0
2,6,2978,1,2,1,1,0,0,0,1,0,0,1,0,0,0,0,0,1,0,0,0,0,0,0,0,0,1,0,0,0,0,1,0,0,1,0,0,0,0,1,0,0,0,1,0,1,0,0,0,1,0,0,1,1,0,0,1,1,0
3,12,1620,2,3,1,1,1,0,0,0,0,0,1,0,0,0,0,0,1,0,0,0,0,0,0,1,0,0,0,0,0,0,1,0,0,0,1,0,0,1,0,0,0,0,1,0,1,0,0,0,1,0,1,0,1,0,1,0,1,0
4,6,783,1,2,1,2,0,0,0,1,0,1,0,0,0,1,0,0,0,0,0,0,0,0,0,0,0,0,0,1,0,0,1,0,0,0,0,1,1,0,0,0,0,1,0,0,1,0,0,1,0,0,1,0,1,0,0,1,1,0
5,30,5234,4,2,2,1,0,1,0,0,0,0,0,0,1,1,0,0,0,0,0,0,0,0,0,1,0,0,0,0,1,0,0,0,0,1,0,0,0,0,1,0,0,0,1,0,1,0,0,0,0,1,1,0,1,0,0,1,1,0
6,10,1038,4,3,2,1,1,0,0,0,0,0,0,0,1,1,0,0,0,0,0,0,0,0,0,1,0,0,0,0,0,0,0,1,0,0,1,0,0,1,0,0,0,0,1,0,1,0,0,0,1,0,0,1,1,0,0,1,1,0
7,36,8947,3,2,1,2,0,0,0,1,0,0,0,1,0,0,1,0,0,0,0,0,0,0,0,0,0,0,0,1,0,0,0,1,0,1,0,0,0,0,1,0,0,1,0,0,1,0,0,0,0,1,0,1,1,0,0,1,1,0
8,18,3966,1,4,3,1,1,0,0,0,0,0,0,0,1,1,0,0,0,0,0,0,0,0,0,1,0,0,0,0,0,0,0,0,1,1,0,0,1,0,0,0,1,0,0,1,0,0,0,0,1,0,0,1,1,0,1,0,1,0
9,36,3342,4,2,1,1,0,0,0,1,0,0,0,0,1,0,0,0,0,1,0,0,0,0,0,0,0,0,0,1,0,0,0,0,1,1,0,0,0,0,1,0,0,0,1,0,1,0,0,0,1,0,0,1,1,0,0,1,1,0
10,30,3656,4,4,2,1,0,0,1,0,0,0,0,0,1,0,0,0,0,1,0,0,0,0,0,0,0,0,0,1,0,0,0,0,1,1,0,0,0,1,0,0,0,1,0,0,1,0,0,1,0,0,1,0,1,0,0,1,1,0
11,36,5800,3,4,2,1,0,1,0,0,0,0,0,0,1,0,1,0,0,0,0,0,0,0,0,1,0,0,0,0,0,0,1,0,0,1,0,0,0,0,1,0,0,0,1,0,1,0,0,0,1,0,0,1,1,0,0,1,1,0
12,24,1376,4,1,1,1,0,0,0,1,0,0,1,0,0,0,0,0,0,1,0,0,0,0,0,0,0,1,0,0,0,0,0,1,0,1,0,0,0,0,1,0,0,0,1,0,1,0,0,0,1,0,1,0,1,0,1,0,1,0
13,24,4241,1,4,3,1,0,1,0,0,1,0,0,0,0,0,0,0,0,0,0,0,0,0,1,1,0,0,0,0,0,0,1,0,0,1,0,0,1,0,0,0,0,0,1,0,1,0,0,1,0,0,0,1,1,0,0,1,1,0
14,15,806,4,4,1,1,1,0,0,0,0,0,1,0,0,0,0,0,0,0,0,0,0,0,1,1,0,0,0,0,0,0,1,0,0,1,0,0,0,1,0,0,0,0,1,0,1,0,0,1,0,0,1,0,1,0,1,0,0,1
15,15,5324,1,4,1,1,0,0,0,1,0,0,1,0,0,1,0,0,0,0,0,0,0,0,0,0,0,1,0,0,0,0,0,0,1,1,0,0,0,0,0,1,0,0,1,0,0,1,0,0,1,0,1,0,1,0,1,0,1,0
16,6,1382,1,1,2,1,0,0,0,1,0,0,0,0,1,0,0,0,0,1,0,0,0,0,0,1,0,0,0,0,0,0,1,0,0,1,0,0,0,0,1,0,0,0,1,0,1,0,0,0,1,0,0,1,1,0,1,0,1,0
17,36,2384,4,1,1,1,0,1,0,0,0,0,1,0,0,0,0,0,0,0,0,1,0,0,0,1,0,0,0,0,0,1,0,0,0,1,0,0,0,0,0,1,0,0,1,1,0,0,0,1,0,0,1,0,1,0,0,1,1,0
18,48,3578,4,1,1,1,0,0,0,1,0,0,0,0,1,0,0,0,0,1,0,0,0,0,0,0,0,0,0,1,0,0,0,0,1,1,0,0,1,0,0,0,0,0,1,0,1,0,0,0,1,0,0,1,1,0,0,1,1,0
19,16,2625,2,4,1,1,1,0,0,0,0,0,0,0,1,1,0,0,0,0,0,0,0,0,0,1,0,0,0,0,0,0,0,0,1,0,0,1,0,1,0,0,1,0,0,1,0,0,0,0,1,0,0,1,1,0,0,1,1,0
20,12,1480,2,4,3,1,0,0,1,0,0,0,0,0,1,1,0,0,0,0,0,0,0,0,0,0,0,1,0,0,1,0,0,0,0,1,0,0,0,0,0,1,1,0,0,0,0,1,1,0,0,0,1,0,1,0,0,1,1,0
21,12,1934,2,2,2,1,0,0,0,1,0,0,0,0,1,0,0,0,0,1,0,0,0,0,0,1,0,0,0,0,0,0,0,0,1,1,0,0,0,0,0,1,0,0,1,0,1,0,0,0,1,0,1,0,1,0,0,1,1,0
22,42,4370,3,2,2,2,1,0,0,0,0,0,0,1,0,0,0,0,0,1,0,0,0,0,0,1,0,0,0,0,0,0,0,1,0,1,0,0,0,1,0,0,1,0,0,0,1,0,0,0,1,0,0,1,1,0,0,1,1,0
23,6,1198,4,4,1,1,1,0,0,0,0,1,0,0,0,0,0,0,0,0,0,0,1,0,0,1,0,0,0,0,0,0,0,0,1,1,0,0,0,0,0,1,0,0,1,0,0,1,0,0,1,0,1,0,1,0,1,0,1,0
24,36,4686,2,2,1,1,0,0,0,1,0,0,1,0,0,0,1,0,0,0,0,0,0,0,0,1,0,0,0,0,0,0,1,0,0,1,0,0,0,0,0,1,0,0,1,0,0,1,0,0,0,1,0,1,1,0,0,1,1,0
25,48,4844,3,2,1,1,0,0,0,1,0,0,1,0,0,0,0,0,0,0,0,0,0,0,1,1,0,0,0,0,1,0,0,0,0,1,0,0,0,0,1,0,1,0,0,1,0,0,0,0,0,1,0,1,1,0,0,1,1,0
26,36,4454,4,4,2,1,0,0,0,1,0,0,0,1,0,0,0,0,0,1,0,0,0,0,0,1,0,0,0,0,0,0,1,0,0,1,0,0,1,0,0,0,0,0,1,0,1,0,0,0,1,0,1,0,1,0,1,0,1,0
27,12,1567,1,1,1,1,0,1,0,0,0,0,1,0,0,0,0,0,0,1,0,0,0,0,0,1,0,0,0,0,0,0,1,0,0,1,0,0,0,0,1,0,0,0,1,0,1,0,0,0,1,0,0,1,1,0,1,0,0,1
28,12,2012,4,2,1,1,0,0,0,1,0,0,0,0,1,0,0,0,0,0,0,0,1,0,0,0,0,0,0,1,0,0,0,1,0,1,0,0,0,0,1,0,0,0,1,0,1,0,0,0,1,0,1,0,1,0,1,0,1,0
29,12,1158,3,1,1,1,0,1,0,0,0,0,1,0,0,0,0,0,0,1,0,0,0,0,0,0,0,1,0,0,0,0,1,0,0,1,0,0,0,0,1,0,0,0,1,0,1,0,0,0,1,0,0,1,1,0,0,1,1,0
30,48,3931,4,4,1,2,1,0,0,0,0,0,1,0,0,1,0,0,0,0,0,0,0,0,0,1,0,0,0,0,0,0,0,1,0,1,0,0,0,0,0,1,0,0,1,0,0,1,0,0,1,0,1,0,1,0,0,1,1,0
31,36,6614,4,4,2,1,0,0,0,1,0,0,0,0,1,1,0,0,0,0,0,0,0,0,0,1,0,0,0,0,0,0,0,0,1,1,0,0,0,0,1,0,0,0,1,0,1,0,0,0,0,1,0,1,1,0,0,1,1,0
32,12,2096,2,3,1,2,0,0,0,1,0,0,0,0,1,0,0,0,0,0,0,0,1,0,0,1,0,0,0,0,0,0,0,1,0,1,0,0,1,0,0,0,0,0,1,0,1,0,0,1,0,0,1,0,1,0,0,1,1,0
33,48,9960,1,2,1,1,0,1,0,0,0,0,1,0,0,0,0,0,1,0,0,0,0,0,0,1,0,0,0,0,0,1,0,0,0,1,0,0,0,0,1,0,0,0,1,0,1,0,0,0,1,0,0,1,1,0,1,0,1,0
34,18,866,4,2,1,1,0,1,0,0,0,0,1,0,0,0,0,0,0,1,0,0,0,0,0,1,0,0,0,0,0,0,1,0,0,0,0,1,1,0,0,0,0,0,1,0,1,0,0,1,0,0,1,0,1,0,0,1,1,0
35,36,7409,3,2,2,1,0,0,0,1,0,0,1,0,0,0,0,0,0,0,0,0,0,0,1,0,0,0,0,1,0,0,0,0,1,1,0,0,0,1,0,0,0,0,1,0,1,0,0,0,1,0,1,0,1,0,0,1,1,0
36,36,10477,2,4,2,1,0,0,0,1,0,0,0,0,1,0,1,0,0,0,0,0,0,0,0,0,0,0,0,1,0,0,0,0,1,1,0,0,0,0,0,1,0,0,1,0,0,1,0,0,1,0,1,0,1,0,0,1,1,0
37,4,1503,2,1,2,2,0,0,0,1,0,0,0,0,1,0,0,0,0,1,0,0,0,0,0,1,0,0,0,0,0,0,0,1,0,1,0,0,1,0,0,0,0,0,1,0,1,0,0,1,0,0,1,0,1,0,0,1,1,0
38,30,6742,2,3,2,1,0,0,0,1,0,0,0,0,1,0,0,0,0,1,0,0,0,0,0,0,0,0,0,1,0,0,0,1,0,1,0,0,0,1,0,0,0,0,1,0,1,0,0,0,1,0,1,0,1,0,0,1,1,0
39,18,4153,2,3,1,1,1,0,0,0,0,0,1,0,0,0,0,0,1,0,0,0,0,0,0,1,0,0,0,0,0,0,1,0,0,0,1,0,0,0,1,0,0,0,1,0,1,0,0,0,1,0,1,0,1,0,0,1,1,0
40,15,3186,2,3,1,1,0,0,0,1,0,0,1,0,0,1,0,0,0,0,0,0,0,0,0,0,0,0,1,0,0,0,0,1,0,1,0,0,0,0,1,0,0,0,1,1,0,0,0,0,1,0,1,0,1,0,1,0,0,1
41,6,662,3,4,1,2,1,0,0,0,0,0,1,0,0,1,0,0,0,0,0,0,0,0,0,1,0,0,0,0,0,1,0,0,0,1,0,0,1,0,0,0,0,0,1,0,1,0,0,1,0,0,0,1,1,0,0,1,1,0
42,18,1817,4,2,2,1,0,0,0,1,0,0,0,0,1,0,0,0,1,0,0,0,0,0,0,1,0,0,0,0,0,0,1,0,0,1,0,0,0,0,0,1,0,0,1,0,1,0,0,0,1,0,1,0,1,0,1,0,1,0
43,9,1388,4,2,1,1,0,0,0,1,0,0,1,0,0,0,0,0,1,0,0,0,0,0,0,1,0,0,0,0,0,0,1,0,0,1,0,0,1,0,0,0,0,0,1,1,0,0,0,0,1,0,1,0,1,0,1,0,1,0
44,12,1860,4,2,2,1,0,1,0,0,0,0,0,0,1,0,1,0,0,0,0,0,0,0,0,1,0,0,0,0,1,0,0,0,0,1,0,0,0,0,1,0,0,0,1,0,1,0,0,0,0,1,0,1,1,0,0,1,1,0
45,39,14179,4,4,2,1,1,0,0,0,0,0,0,0,1,0,0,0,1,0,0,0,0,0,0,0,0,0,0,1,0,0,0,1,0,1,0,0,0,1,0,0,0,0,1,0,1,0,0,0,0,1,0,1,1,0,0,1,1,0
46,24,2910,2,1,1,1,1,0,0,0,0,0,1,0,0,0,1,0,0,0,0,0,0,0,0,1,0,0,0,0,0,0,0,1,0,1,0,0,0,0,0,1,0,0,1,0,0,1,0,0,0,1,0,1,1,0,0,1,1,0
47,48,5951,2,2,1,1,0,1,0,0,0,0,1,0,0,0,0,0,0,1,0,0,0,0,0,1,0,0,0,0,0,0,1,0,0,1,0,0,1,0,0,0,0,0,1,0,1,0,0,0,1,0,1,0,1,0,1,0,0,1
48,18,2427,4,2,2,1,0,1,0,0,0,0,0,1,0,0,0,0,0,0,0,0,0,0,1,0,0,0,0,1,0,0,0,0,1,1,0,0,0,1,0,0,0,0,1,0,1,0,0,0,1,0,1,0,1,0,0,1,1,0
49,15,1053,4,2,1,1,1,0,0,0,0,0,1,0,0,0,0,0,0,1,0,0,0,0,0,1,0,0,0,0,0,1,0,0,0,1,0,0,1,0,0,0,0,0,1,0,1,0,0,0,1,0,1,0,0,1,0,1,1,0
50,42,4042,4,4,2,1,0,0,0,1,0,0,0,0,1,0,0,0,1,0,0,0,0,0,0,0,0,1,0,0,0,0,1,0,0,1,0,0,1,0,0,0,0,0,1,0,1,0,0,0,1,0,0,1,1,0,0,1,1,0
51,9,458,4,3,1,1,0,1,0,0,0,0,1,0,0,0,0,0,0,1,0,0,0,0,0,1,0,0,0,0,0,0,1,0,0,1,0,0,1,0,0,0,0,0,1,0,1,0,0,0,1,0,1,0,1,0,0,1,0,1
52,18,6260,3,3,1,1,0,1,0,0,0,0,1,0,0,1,0,0,0,0,0,0,0,0,0,1,0,0,0,0,0,0,0,1,0,1,0,0,1,0,0,0,0,0,1,1,0,0,0,1,0,0,1,0,1,0,0,1,1,0
53,18,2404,2,2,2,1,0,0,0,1,0,0,0,0,1,0,0,0,0,1,0,0,0,0,0,1,0,0,0,0,0,0,1,0,0,1,0,0,0,0,1,0,0,0,1,0,1,0,0,0,1,0,1,0,1,0,1,0,1,0
54,24,1024,4,4,1,1,1,0,0,0,0,0,0,1,0,0,0,0,0,1,0,0,0,0,0,1,0,0,0,0,0,1,0,0,0,1,0,0,1,0,0,0,0,1,0,0,1,0,0,0,1,0,1,0,1,0,0,1,1,0
55,27,2528,4,1,1,2,0,1,0,0,0,0,1,0,0,0,0,0,0,0,0,0,0,0,1,1,0,0,0,0,0,1,0,0,0,1,0,0,0,1,0,0,0,0,1,0,1,0,0,0,1,0,0,1,1,0,1,0,1,0
56,30,3832,2,1,1,1,0,1,0,0,0,0,1,0,0,0,0,0,1,0,0,0,0,0,0,1,0,0,0,0,0,1,0,0,0,1,0,0,0,1,0,0,0,0,1,0,1,0,0,0,1,0,1,0,1,0,0,1,0,1
57,6,932,1,3,2,1,0,1,0,0,0,0,0,0,1,0,0,0,0,0,0,0,0,1,0,0,0,0,0,1,0,0,0,1,0,1,0,0,0,1,0,0,0,0,1,0,1,0,0,1,0,0,1,0,1,0,1,0,1,0
58,30,1908,4,4,1,1,0,0,1,0,0,0,0,1,0,0,0,0,0,0,0,0,0,0,1,1,0,0,0,0,0,0,0,0,1,1,0,0,1,0,0,0,0,0,1,0,1,0,0,0,0,1,0,1,1,0,0,1,1,0
59,12,3617,1,4,3,1,0,1,0,0,0,0,0,0,1,0,0,0,1,0,0,0,0,0,0,1,0,0,0,0,0,0,0,0,1,1,0,0,0,0,1,0,0,0,1,1,0,0,0,0,1,0,0,1,1,0,0,1,1,0
60,18,1533,4,1,1,2,0,0,0,1,0,0,1,0,0,0,0,0,1,0,0,0,0,0,0,1,0,0,0,0,0,1,0,0,0,0,1,0,0,1,0,0,0,0,1,0,1,0,0,1,0,0,1,0,1,0,0,1,1,0
61,18,6361,2,1,1,1,0,1,0,0,0,0,0,0,1,0,0,0,1,0,0,0,0,0,0,1,0,0,0,0,0,0,0,0,1,1,0,0,0,0,0,1,0,0,1,0,1,0,0,0,1,0,0,1,1,0,0,1,1,0
62,10,2241,1,3,2,2,1,0,0,0,0,0,0,0,1,1,0,0,0,0,0,0,0,0,0,1,0,0,0,0,0,1,0,0,0,1,0,0,1,0,0,0,0,0,1,1,0,0,0,1,0,0,1,0,0,1,0,1,1,0
63,8,907,3,2,1,1,0,1,0,0,0,0,1,0,0,0,0,0,0,0,0,0,0,0,1,1,0,0,0,0,0,1,0,0,0,1,0,0,1,0,0,0,0,0,1,0,1,0,0,0,1,0,0,1,1,0,0,1,1,0
64,60,10144,2,4,1,1,0,0,0,1,0,0,1,0,0,0,0,0,0,1,0,0,0,0,0,0,1,0,0,0,0,0,0,1,0,1,0,0,1,0,0,0,0,0,1,0,1,0,0,0,1,0,0,1,1,0,1,0,0,1
65,12,1297,3,4,1,1,0,0,1,0,0,0,1,0,0,0,0,0,0,1,0,0,0,0,0,1,0,0,0,0,0,0,1,0,0,1,0,0,1,0,0,0,0,0,1,1,0,0,0,0,1,0,1,0,1,0,0,1,0,1
66,12,976,4,4,2,1,0,0,0,1,0,0,0,0,1,0,0,0,0,1,0,0,0,0,0,0,0,0,0,1,0,0,0,0,1,1,0,0,0,0,1,0,0,0,1,0,1,0,0,0,1,0,1,0,1,0,0,1,1,0
67,12,3447,4,3,1,2,0,0,0,1,0,1,0,0,0,0,0,0,0,0,0,0,0,1,0,0,0,1,0,0,0,0,1,0,0,1,0,0,1,0,0,0,0,0,1,0,1,0,0,1,0,0,1,0,1,0,1,0,1,0
68,12,1372,2,3,1,1,1,0,0,0,0,0,1,0,0,1,0,0,0,0,0,0,0,0,0,1,0,0,0,0,0,0,0,1,0,1,0,0,0,0,1,0,0,0,1,0,1,0,0,0,1,0,1,0,1,0,0,1,1,0
69,21,2319,2,1,1,1,0,0,1,0,0,0,0,0,1,0,0,0,0,0,0,0,1,0,0,1,0,0,0,0,0,1,0,0,0,1,0,0,0,0,1,0,0,0,1,1,0,0,0,0,1,0,1,0,1,0,0,1,1,0
70,30,3441,2,4,1,1,0,1,0,0,0,0,1,0,0,0,0,0,1,0,0,0,0,0,0,0,1,0,0,0,0,0,1,0,0,0,1,0,0,0,1,0,0,0,1,1,0,0,0,0,1,0,1,0,1,0,1,0,0,1
71,6,1299,1,1,3,2,0,0,1,0,0,0,0,0,1,1,0,0,0,0,0,0,0,0,0,1,0,0,0,0,0,0,1,0,0,1,0,0,1,0,0,0,0,0,1,0,1,0,1,0,0,0,1,0,0,1,0,1,1,0
72,12,640,4,2,1,1,0,0,0,1,0,0,1,0,0,1,0,0,0,0,0,0,0,0,0,1,0,0,0,0,0,0,1,0,0,1,0,0,1,0,0,0,0,0,1,0,1,0,0,1,0,0,1,0,1,0,0,1,1,0
73,12,5801,2,4,1,1,0,0,0,1,0,0,0,0,1,0,0,0,1,0,0,0,0,0,0,0,0,0,0,1,0,0,0,0,1,1,0,0,0,1,0,0,0,0,1,1,0,0,0,0,1,0,0,1,1,0,0,1,1,0
74,24,2670,4,4,1,1,0,0,0,1,0,0,1,0,0,0,1,0,0,0,0,0,0,0,0,1,0,0,0,0,0,0,0,0,1,1,0,0,0,0,1,0,0,0,1,0,1,0,0,0,0,1,0,1,1,0,0,1,1,0
75,36,8086,2,4,4,1,0,1,0,0,0,0,0,1,0,1,0,0,0,0,0,0,0,0,0,0,1,0,0,0,0,0,0,0,1,1,0,0,0,0,1,0,0,0,1,0,1,0,0,0,0,1,0,1,1,0,0,1,1,0
76,24,2197,4,4,2,2,0,0,0,1,0,0,0,0,1,0,1,0,0,0,0,0,0,0,0,0,0,0,0,1,0,0,0,1,0,1,0,0,0,0,1,0,0,0,1,0,1,0,0,0,1,0,0,1,1,0,0,1,1,0
77,7,2576,2,2,1,1,0,1,0,0,0,0,1,0,0,0,0,0,0,1,0,0,0,0,0,1,0,0,0,0,0,0,1,0,0,0,0,1,1,0,0,0,0,0,1,0,1,0,0,0,1,0,1,0,1,0,0,1,1,0
78,27,2570,3,3,1,1,0,0,0,1,0,0,1,0,0,1,0,0,0,0,0,0,0,0,0,1,0,0,0,0,0,0,1,0,0,1,0,0,1,0,0,0,0,0,1,1,0,0,0,0,1,0,1,0,1,0,1,0,0,1
79,15,1271,3,4,2,1,0,0,1,0,0,0,0,0,1,0,0,0,0,1,0,0,0,0,0,0,0,0,0,1,0,0,1,0,0,1,0,0,0,0,0,1,0,0,1,0,0,1,0,0,1,0,0,1,1,0,0,1,1,0
80,6,14896,1,4,1,1,1,0,0,0,0,0,1,0,0,1,0,0,0,0,0,0,0,0,0,1,0,0,0,0,0,0,0,0,1,1,0,0,0,0,0,1,1,0,0,0,1,0,0,0,0,1,0,1,1,0,0,1,1,0
81,11,1154,4,4,3,1,0,0,0,1,0,0,0,0,1,0,0,0,0,1,0,0,0,0,0,0,1,0,0,0,1,0,0,0,0,1,0,0,1,0,0,0,0,0,1,0,1,0,0,1,0,0,1,0,1,0,1,0,1,0
82,6,1743,1,2,2,1,0,0,0,1,0,0,0,1,0,0,0,0,0,0,0,0,0,0,1,0,1,0,0,0,0,0,1,0,0,1,0,0,1,0,0,0,0,0,1,0,1,0,0,1,0,0,1,0,1,0,0,1,1,0
83,12,1255,4,4,2,1,0,0,0,1,0,0,0,0,1,1,0,0,0,0,0,0,0,0,0,1,0,0,0,0,0,0,0,0,1,1,0,0,1,0,0,0,0,0,1,0,1,0,0,1,0,0,1,0,1,0,0,1,1,0
84,36,6887,4,3,1,1,1,0,0,0,0,0,0,1,0,0,0,0,0,0,0,0,1,0,0,1,0,0,0,0,0,0,1,0,0,1,0,0,0,1,0,0,0,1,0,0,1,0,0,0,1,0,0,1,1,0,0,1,1,0
85,24,4870,3,4,2,2,1,0,0,0,0,0,0,1,0,1,0,0,0,0,0,0,0,0,0,1,0,0,0,0,0,0,1,0,0,1,0,0,0,0,0,1,0,0,1,0,0,1,0,0,1,0,1,0,1,0,0,1,1,0
86,24,2483,4,4,1,1,1,0,0,0,0,1,0,0,0,0,0,0,1,0,0,0,0,0,0,0,0,1,0,0,0,0,1,0,0,1,0,0,1,0,0,0,0,1,0,0,1,0,0,0,1,0,0,1,1,0,0,1,0,1
87,24,2924,3,4,1,2,1,0,0,0,0,0,1,0,0,0,1,0,0,0,0,0,0,0,0,1,0,0,0,0,0,0,1,0,0,0,0,1,0,0,0,1,1,0,0,0,1,0,0,0,1,0,0,1,1,0,0,1,1,0
88,12,674,4,1,1,1,1,0,0,0,0,0,1,0,0,0,0,0,0,1,0,0,0,0,0,0,1,0,0,0,0,0,0,1,0,1,0,0,0,1,0,0,0,0,1,0,1,0,0,0,1,0,1,0,1,0,0,1,0,1
89,24,2325,2,3,1,1,1,0,0,0,0,1,0,0,0,1,0,0,0,0,0,0,0,0,0,0,1,0,0,0,0,0,0,1,0,1,0,0,0,0,1,0,1,0,0,0,1,0,0,0,1,0,1,0,1,0,0,1,1,0
90,36,6304,4,4,2,1,0,0,0,1,0,0,0,0,1,0,0,0,0,0,0,0,0,0,1,0,0,0,0,1,0,0,0,0,1,1,0,0,1,0,0,0,0,0,1,0,1,0,0,0,1,0,1,0,1,0,0,1,1,0
91,12,2366,3,3,1,1,0,1,0,0,0,0,0,0,1,1,0,0,0,0,0,0,0,0,0,0,0,1,0,0,0,0,0,1,0,1,0,0,0,0,1,0,0,0,1,0,1,0,0,0,0,1,0,1,1,0,0,1,1,0
92,6,1221,1,2,2,1,0,0,0,1,0,0,0,0,1,0,0,0,1,0,0,0,0,0,0,0,0,0,0,1,0,0,1,0,0,1,0,0,0,1,0,0,0,0,1,0,1,0,0,0,1,0,1,0,1,0,0,1,1,0
93,24,4113,3,4,1,1,0,1,0,0,0,0,1,0,0,0,1,0,0,0,0,0,0,0,0,0,0,1,0,0,0,1,0,0,0,1,0,0,0,0,1,0,0,0,1,1,0,0,0,0,1,0,1,0,1,0,1,0,1,0
94,33,2764,2,2,2,1,0,0,0,1,0,0,0,1,0,0,0,0,0,0,0,0,0,0,1,1,0,0,0,0,0,0,1,0,0,1,0,0,0,0,1,0,0,0,1,0,1,0,0,0,1,0,0,1,1,0,1,0,1,0
95,14,3973,1,4,1,1,1,0,0,0,0,0,1,0,0,1,0,0,0,0,0,0,0,0,0,1,0,0,0,0,1,0,0,0,0,1,0,0,0,0,0,1,0,0,1,0,0,1,0,0,1,0,1,0,1,0,0,1,0,1
96,24,2359,1,1,1,1,1,0,0,0,0,0,1,0,0,0,0,0,1,0,0,0,0,0,0,0,1,0,0,0,1,0,0,0,0,1,0,0,0,1,0,0,0,0,1,0,1,0,0,0,1,0,1,0,1,0,0,1,1,0
97,6,1237,1,1,2,1,0,0,0,1,0,0,0,0,1,0,0,0,0,1,0,0,0,0,0,0,1,0,0,0,0,0,1,0,0,1,0,0,0,1,0,0,0,0,1,0,1,0,0,0,1,0,1,0,1,0,1,0,1,0
98,24,3345,4,2,1,1,1,0,0,0,0,0,1,0,0,0,0,0,1,0,0,0,0,0,0,1,0,0,0,0,0,0,0,0,1,1,0,0,0,1,0,0,0,0,1,1,0,0,0,0,0,1,0,1,1,0,0,1,1,0
99,6,428,2,1,1,1,1,0,0,0,0,0,1,0,0,0,0,0,1,0,0,0,0,0,0,1,0,0,0,0,0,0,0,0,1,1,0,0,0,1,0,0,1,0,0,0,1,0,0,0,1,0,0,1,1,0,1,0,1,0
100,12,3565,2,1,2,2,0,0,0,1,0,0,0,0,1,0,0,0,0,0,0,0,1,0,0,0,0,0,0,1,0,1,0,0,0,1,0,0,0,1,0,0,0,0,1,0,1,0,0,1,0,0,1,0,1,0,0,1,1,0
101,6,931,1,1,1,1,0,1,0,0,0,1,0,0,0,1,0,0,0,0,0,0,0,0,0,0,1,0,0,0,0,1,0,0,0,1,0,0,0,1,0,0,0,1,0,0,1,0,0,1,0,0,1,0,1,0,1,0,1,0
102,6,1374,4,3,1,1,1,0,0,0,0,0,1,0,0,1,0,0,0,0,0,0,0,0,0,0,0,0,0,1,1,0,0,0,0,1,0,0,0,1,0,0,0,0,1,0,1,0,0,0,0,1,0,1,1,0,1,0,1,0
103,24,2064,3,2,1,1,0,1,0,0,0,0,0,1,0,0,0,0,1,0,0,0,0,0,0,1,0,0,0,0,1,0,0,0,0,1,0,0,0,1,0,0,0,0,1,0,1,0,0,0,0,1,0,1,1,0,1,0,1,0
104,10,894,4,3,1,1,0,0,0,1,0,0,1,0,0,0,0,0,0,0,0,0,0,1,0,0,0,0,0,1,0,0,0,1,0,1,0,0,0,1,0,0,0,0,1,0,1,0,0,0,1,0,0,1,1,0,1,0,1,0
105,24,915,4,2,1,1,1,0,0,0,0,0,1,0,0,1,0,0,0,0,0,0,0,0,0,0,0,0,0,1,0,0,0,0,1,1,0,0,0,0,1,0,1,0,0,0,1,0,0,0,1,0,1,0,1,0,1,0,1,0
106,36,3079,4,4,1,1,0,0,0,1,0,0,1,0,0,1,0,0,0,0,0,0,0,0,0,0,0,0,0,1,0,0,1,0,0,1,0,0,1,0,0,0,0,0,1,0,1,0,0,0,1,0,1,0,1,0,0,1,1,0
107,12,2579,4,1,1,2,1,0,0,0,0,0,1,0,0,1,0,0,0,0,0,0,0,0,0,1,0,0,0,0,0,1,0,0,0,1,0,0,1,0,0,0,0,0,1,0,1,0,0,1,0,0,1,0,1,0,0,1,1,0
108,27,3915,4,2,1,2,0,1,0,0,0,0,1,0,0,0,0,0,0,0,0,0,0,0,1,1,0,0,0,0,0,0,1,0,0,1,0,0,0,0,1,0,0,0,1,0,1,0,0,0,1,0,0,1,1,0,0,1,1,0
109,18,1800,4,2,2,1,0,0,0,1,0,0,0,0,1,0,0,0,0,1,0,0,0,0,0,1,0,0,0,0,0,0,1,0,0,1,0,0,0,0,1,0,0,0,1,0,1,0,0,0,1,0,1,0,1,0,0,1,0,1
110,18,1301,4,2,1,1,0,1,0,0,0,0,1,0,0,0,0,0,0,1,0,0,0,0,0,1,0,0,0,0,0,0,0,0,1,0,0,1,1,0,0,0,0,0,1,0,1,0,0,1,0,0,1,0,1,0,0,1,1,0
111,24,1940,4,4,1,1,0,0,0,1,0,0,0,0,1,1,0,0,0,0,0,0,0,0,0,0,0,0,1,0,0,0,0,0,1,1,0,0,1,0,0,0,0,0,1,0,1,0,0,0,1,0,0,1,1,0,0,1,1,0
112,36,2145,2,1,2,1,1,0,0,0,0,0,0,1,0,0,0,0,0,0,0,0,0,0,1,1,0,0,0,0,0,0,0,1,0,1,0,0,0,0,1,0,0,0,1,0,1,0,0,0,1,0,0,1,1,0,0,1,0,1
113,36,4473,4,2,1,1,0,0,1,0,0,0,1,0,0,0,0,0,0,1,0,0,0,0,0,1,0,0,0,0,0,0,0,0,1,1,0,0,0,0,1,0,0,0,1,0,1,0,0,0,1,0,1,0,1,0,0,1,1,0
114,36,9034,4,1,1,1,0,1,0,0,0,0,1,0,0,0,0,0,1,0,0,0,0,0,0,0,1,0,0,0,0,1,0,0,0,0,1,0,0,0,0,1,0,0,1,1,0,0,0,0,0,1,0,1,1,0,0,1,1,0
115,30,2150,4,2,1,1,0,1,0,0,0,0,1,0,0,1,0,0,0,0,0,0,0,0,0,1,0,0,0,0,0,0,1,0,0,0,0,1,0,0,0,1,1,0,0,0,1,0,0,0,1,0,1,0,1,0,1,0,0,1
116,10,1924,1,4,1,1,0,0,0,1,0,0,1,0,0,0,0,0,0,1,0,0,0,0,0,1,0,0,0,0,0,0,1,0,0,1,0,0,0,1,0,0,0,0,1,0,1,0,0,0,1,0,0,1,0,1,0,1,1,0
117,6,709,2,2,1,1,0,0,1,0,0,0,1,0,0,1,0,0,0,0,0,0,0,0,0,0,0,0,1,0,0,1,0,0,0,1,0,0,1,0,0,0,0,0,1,0,1,0,1,0,0,0,1,0,0,1,0,1,1,0
118,48,6224,4,4,1,1,0,1,0,0,0,0,0,1,0,0,0,0,0,0,0,0,1,0,0,1,0,0,0,0,0,0,0,0,1,1,0,0,0,0,0,1,0,0,1,0,0,1,0,0,1,0,1,0,1,0,0,1,1,0
119,18,3049,1,1,1,1,0,0,1,0,0,0,1,0,0,0,0,0,1,0,0,0,0,0,0,1,0,0,0,0,0,1,0,0,0,1,0,0,0,1,0,0,0,1,0,0,1,0,0,1,0,0,1,0,1,0,1,0,1,0
120,12,2279,4,4,1,1,0,0,0,1,0,0,1,0,0,0,0,0,0,1,0,0,0,0,0,0,0,0,0,1,0,0,1,0,0,1,0,0,0,0,0,1,0,0,1,0,0,1,0,0,1,0,0,1,1,0,0,1,1,0
121,12,3399,2,3,1,1,0,0,1,0,0,0,1,0,0,0,0,0,0,1,0,0,0,0,0,0,0,0,0,1,0,0,0,0,1,1,0,0,0,0,1,0,0,0,1,0,1,0,0,0,0,1,1,0,1,0,0,1,1,0
122,6,1554,1,2,2,1,0,0,0,1,0,0,0,0,1,0,0,0,0,1,0,0,0,0,0,1,0,0,0,0,0,0,0,1,0,1,0,0,0,0,1,0,0,0,1,1,0,0,0,0,1,0,0,1,1,0,1,0,0,1
123,18,3244,1,4,2,1,0,1,0,0,1,0,0,0,0,0,0,0,1,0,0,0,0,0,0,1,0,0,0,0,0,0,1,0,0,1,0,0,0,0,1,0,1,0,0,0,1,0,0,0,1,0,0,1,1,0,1,0,1,0
124,36,5371,3,2,2,1,1,0,0,0,0,0,0,0,1,0,0,0,1,0,0,0,0,0,0,1,0,0,0,0,0,0,1,0,0,0,0,1,0,1,0,0,0,0,1,0,1,0,0,0,1,0,1,0,1,0,0,1,1,0
125,6,14555,1,2,1,1,0,1,0,0,0,0,1,0,0,1,0,0,0,0,0,0,0,0,0,0,0,0,0,1,1,0,0,0,0,1,0,0,0,1,0,0,0,0,1,0,1,0,1,0,0,0,0,1,1,0,0,1,0,1
126,24,2333,4,2,1,1,0,1,0,0,0,0,0,1,0,0,0,0,1,0,0,0,0,0,0,0,0,0,0,1,0,1,0,0,0,1,0,0,0,1,0,0,1,0,0,0,1,0,0,1,0,0,1,0,1,0,0,1,1,0
127,11,3939,1,2,2,2,1,0,0,0,0,0,0,0,1,1,0,0,0,0,0,0,0,0,0,1,0,0,0,0,0,0,1,0,0,1,0,0,1,0,0,0,0,0,1,0,1,0,0,1,0,0,1,0,1,0,0,1,1,0
128,24,3878,4,2,1,1,0,1,0,0,0,0,0,0,1,1,0,0,0,0,0,0,0,0,0,0,1,0,0,0,0,1,0,0,0,1,0,0,0,0,1,0,0,0,1,0,1,0,0,0,1,0,0,1,1,0,0,1,1,0
129,10,2848,1,2,1,2,0,0,0,1,0,0,1,0,0,0,1,0,0,0,0,0,0,0,0,0,1,0,0,0,0,0,1,0,0,0,1,0,1,0,0,0,0,0,1,0,1,0,0,0,1,0,1,0,1,0,0,1,1,0
130,21,1647,4,2,2,2,1,0,0,0,0,1,0,0,0,1,0,0,0,0,0,0,0,0,0,0,0,0,0,1,0,0,1,0,0,1,0,0,0,1,0,0,0,0,1,0,1,0,0,1,0,0,1,0,1,0,0,1,1,0
131,15,3568,4,2,1,1,0,0,0,1,0,0,1,0,0,0,0,0,0,1,0,0,0,0,0,1,0,0,0,0,0,0,0,0,1,1,0,0,0,0,1,0,1,0,0,1,0,0,0,0,0,1,0,1,1,0,1,0,1,0
132,60,7297,4,4,1,1,1,0,0,0,0,0,1,0,0,0,0,0,0,0,0,0,0,0,1,1,0,0,0,0,0,0,0,0,1,0,1,0,0,0,0,1,0,0,1,1,0,0,0,0,1,0,1,0,1,0,0,1,1,0
133,24,2964,4,4,1,2,1,0,0,0,0,0,1,0,0,0,1,0,0,0,0,0,0,0,0,0,0,0,0,1,0,0,0,0,1,1,0,0,0,0,0,1,1,0,0,0,0,1,0,0,1,0,0,1,1,0,0,1,1,0
134,24,2578,2,2,1,1,0,0,0,1,0,0,0,0,1,0,0,0,0,1,0,0,0,0,0,0,0,0,1,0,0,0,0,0,1,1,0,0,0,0,1,0,0,0,1,0,1,0,0,0,1,0,1,0,1,0,0,1,1,0
135,18,3872,2,4,1,1,0,1,0,0,0,0,1,0,0,0,0,0,0,0,0,1,0,0,0,1,0,0,0,0,1,0,0,0,0,1,0,0,0,0,1,0,0,0,1,0,1,0,0,0,1,0,0,1,1,0,1,0,1,0
136,48,6416,4,3,1,1,0,1,0,0,0,1,0,0,0,0,0,0,0,0,0,0,0,0,1,1,0,0,0,0,0,0,0,0,1,1,0,0,0,0,0,1,0,0,1,1,0,0,0,0,1,0,1,0,1,0,1,0,1,0
137,33,4281,1,4,2,1,1,0,0,0,0,0,0,0,1,0,0,0,1,0,0,0,0,0,0,0,0,1,0,0,0,0,1,0,0,1,0,0,0,0,1,0,0,0,1,0,1,0,0,0,1,0,1,0,1,0,1,0,0,1
138,30,2991,2,4,1,1,0,1,0,0,0,0,1,0,0,0,0,0,0,1,0,0,0,0,0,0,0,0,0,1,0,0,0,0,1,1,0,0,0,0,1,0,0,0,1,0,1,0,0,0,1,0,1,0,1,0,1,0,1,0
139,24,1358,4,3,1,1,1,0,0,0,0,1,0,0,0,0,0,1,0,0,0,0,0,0,0,0,0,0,0,1,0,0,0,0,1,1,0,0,0,0,1,0,0,1,0,0,1,0,0,0,0,1,0,1,1,0,0,1,1,0
140,36,2671,4,4,1,1,0,1,0,0,0,0,1,0,0,0,0,0,0,1,0,0,0,0,0,0,1,0,0,0,0,0,1,0,0,0,1,0,0,0,0,1,0,0,1,0,0,1,0,0,1,0,1,0,1,0,1,0,1,0
141,48,8358,1,1,2,1,0,1,0,0,1,0,0,0,0,1,0,0,0,0,0,0,0,0,0,0,0,1,0,0,0,1,0,0,0,1,0,0,0,0,1,0,0,0,1,0,1,0,0,0,1,0,1,0,1,0,1,0,1,0
142,48,8487,1,2,1,1,0,1,0,0,0,0,1,0,0,1,0,0,0,0,0,0,0,0,0,0,0,0,0,1,0,0,0,1,0,1,0,0,0,0,1,0,0,0,1,0,1,0,0,0,1,0,1,0,1,0,1,0,0,1
143,12,1410,2,2,1,1,0,1,0,0,1,0,0,0,0,0,0,0,0,0,0,0,0,1,0,1,0,0,0,0,0,0,1,0,0,1,0,0,1,0,0,0,0,0,1,0,1,0,0,1,0,0,0,1,1,0,0,1,1,0
144,6,1343,1,4,2,2,0,0,1,0,0,0,0,0,1,1,0,0,0,0,0,0,0,0,0,1,0,0,0,0,0,0,0,0,1,1,0,0,1,0,0,0,0,0,1,0,1,0,0,0,1,0,1,0,0,1,0,1,1,0
145,21,5003,1,4,2,1,0,0,0,1,1,0,0,0,0,1,0,0,0,0,0,0,0,0,0,0,0,0,0,1,0,0,1,0,0,1,0,0,0,1,0,0,1,0,0,0,1,0,0,0,1,0,0,1,1,0,1,0,1,0
146,12,951,4,4,4,1,0,1,0,0,0,0,1,0,0,0,0,0,1,0,0,0,0,0,0,0,1,0,0,0,0,1,0,0,0,1,0,0,0,0,1,0,1,0,0,1,0,0,0,0,1,0,1,0,1,0,1,0,1,0
147,18,2600,4,4,2,1,1,0,0,0,0,0,1,0,0,0,0,0,0,1,0,0,0,0,0,1,0,0,0,0,0,0,1,0,0,1,0,0,0,0,0,1,0,0,1,0,0,1,0,0,1,0,1,0,1,0,0,1,1,0
148,18,3229,2,4,1,1,0,0,0,1,0,0,0,0,1,0,1,0,0,0,0,0,0,0,0,0,0,0,0,1,1,0,0,0,0,1,0,0,0,0,0,1,0,0,1,0,1,0,0,0,0,1,0,1,1,0,0,1,1,0
149,18,2320,2,3,2,1,0,0,0,1,0,0,0,1,0,0,0,0,0,1,0,0,0,0,0,1,0,0,0,0,1,0,0,0,0,1,0,0,1,0,0,0,0,0,1,0,1,0,0,0,1,0,1,0,1,0,0,1,1,0
150,18,1505,4,2,1,1,0,0,0,1,0,0,1,0,0,0,0,0,0,1,0,0,0,0,0,1,0,0,0,0,0,0,1,0,0,1,0,0,0,0,0,1,0,0,1,0,0,1,0,0,0,1,0,1,1,0,0,1,1,0
151,9,790,4,3,1,1,0,1,0,0,0,0,1,0,0,0,0,0,0,1,0,0,0,0,0,0,0,1,0,0,0,0,1,0,0,1,0,0,1,0,0,0,0,0,1,0,1,0,0,1,0,0,1,0,1,0,1,0,1,0
152,36,1819,4,4,1,1,0,0,0,1,0,0,1,0,0,0,0,0,0,0,0,0,1,0,0,1,0,0,0,0,0,0,1,0,0,1,0,0,0,0,0,1,0,1,0,0,0,1,0,0,1,0,0,1,1,0,0,1,1,0
153,15,2360,2,2,1,1,0,0,1,0,0,0,0,0,1,0,1,0,0,0,0,0,0,0,0,0,0,1,0,0,0,0,1,0,0,1,0,0,0,0,1,0,0,0,1,0,1,0,0,0,1,0,0,1,1,0,0,1,1,0
154,24,3149,4,1,1,1,1,0,0,0,0,0,1,0,0,0,0,0,1,0,0,0,0,0,0,1,0,0,0,0,0,1,0,0,0,1,0,0,0,0,0,1,1,0,0,0,0,1,0,0,1,0,1,0,1,0,0,1,0,1
155,18,2051,4,1,1,1,0,0,0,1,0,0,1,0,0,0,0,0,0,1,0,0,0,0,0,1,0,0,0,0,0,1,0,0,0,1,0,0,1,0,0,0,0,0,1,0,1,0,0,0,1,0,1,0,1,0,0,1,1,0
156,24,6419,2,4,2,2,1,0,0,0,0,0,0,0,1,0,1,0,0,0,0,0,0,0,0,1,0,0,0,0,0,0,0,0,1,1,0,0,0,0,0,1,0,0,1,0,0,1,0,0,0,1,0,1,1,0,1,0,1,0
157,9,1199,4,4,2,1,0,1,0,0,0,0,1,0,0,0,0,0,0,0,0,0,1,0,0,1,0,0,0,0,0,0,0,1,0,1,0,0,0,1,0,0,0,0,1,0,1,0,0,0,0,1,0,1,1,0,1,0,1,0
158,47,10722,1,1,1,1,1,0,0,0,0,0,1,0,0,1,0,0,0,0,0,0,0,0,0,1,0,0,0,0,0,1,0,0,0,1,0,0,1,0,0,0,0,0,1,0,1,0,0,1,0,0,0,1,1,0,1,0,1,0
159,36,6948,2,2,1,1,0,1,0,0,0,0,1,0,0,0,1,0,0,0,0,0,0,0,0,1,0,0,0,0,0,0,1,0,0,1,0,0,0,0,1,0,0,0,1,1,0,0,0,0,0,1,0,1,1,0,0,1,1,0
160,18,3190,2,2,1,1,1,0,0,0,0,0,1,0,0,0,0,0,0,1,0,0,0,0,0,1,0,0,0,0,0,0,1,0,0,1,0,0,1,0,0,0,0,0,1,0,1,0,0,0,1,0,1,0,1,0,1,0,0,1
161,30,4249,4,2,2,1,0,1,0,0,0,0,0,0,1,1,0,0,0,0,0,0,0,0,0,1,0,0,0,0,1,0,0,0,0,1,0,0,0,0,1,0,0,0,1,0,1,0,0,0,0,1,1,0,1,0,0,1,1,0
162,12,1493,4,3,1,2,0,0,0,1,0,0,1,0,0,0,0,0,0,1,0,0,0,0,0,1,0,0,0,0,0,1,0,0,0,1,0,0,0,0,1,0,0,0,1,0,1,0,0,0,1,0,1,0,1,0,1,0,1,0
163,6,368,4,4,1,1,0,1,0,0,0,0,1,0,0,0,0,0,0,1,0,0,0,0,0,0,0,0,0,1,0,0,0,0,1,1,0,0,0,1,0,0,0,0,1,0,1,0,0,0,1,0,1,0,1,0,0,1,1,0
164,12,2171,2,2,1,1,0,0,0,1,0,0,1,0,0,0,0,0,0,1,0,0,0,0,0,1,0,0,0,0,0,1,0,0,0,1,0,0,0,0,1,0,1,0,0,0,1,0,0,0,1,0,1,0,1,0,1,0,1,0
165,30,3077,3,2,2,2,0,0,0,1,0,0,0,0,1,0,0,0,0,1,0,0,0,0,0,0,0,0,0,1,0,0,0,0,1,1,0,0,0,0,1,0,0,0,1,0,1,0,0,0,1,0,0,1,1,0,0,1,1,0
166,18,1887,4,4,2,1,0,1,0,0,0,0,0,0,1,0,0,0,0,0,0,0,0,0,1,0,0,0,0,1,0,0,1,0,0,1,0,0,1,0,0,0,1,0,0,0,1,0,0,0,1,0,1,0,1,0,0,1,1,0
167,6,1543,4,2,1,1,0,0,0,1,0,0,1,0,0,0,0,0,1,0,0,0,0,0,0,0,0,0,1,0,0,0,1,0,0,1,0,0,1,0,0,0,0,0,1,0,1,0,0,0,1,0,1,0,1,0,0,1,1,0
168,24,947,4,3,1,2,0,0,1,0,0,0,1,0,0,1,0,0,0,0,0,0,0,0,0,1,0,0,0,0,0,0,0,1,0,1,0,0,0,0,0,1,1,0,0,0,0,1,0,0,1,0,1,0,1,0,0,1,1,0
169,30,2333,4,2,1,1,0,0,0,1,0,0,1,0,0,0,0,0,0,1,0,0,0,0,0,0,0,1,0,0,0,0,0,0,1,1,0,0,0,0,1,0,1,0,0,0,1,0,0,0,0,1,1,0,1,0,0,1,1,0
170,24,1469,4,4,1,1,0,0,0,1,0,0,1,0,0,1,0,0,0,0,0,0,0,0,0,0,1,0,0,0,0,0,0,0,1,1,0,0,1,0,0,0,0,0,1,1,0,0,0,1,0,0,1,0,1,0,0,1,1,0
171,10,1275,4,2,1,1,0,0,1,0,0,0,1,0,0,0,0,0,1,0,0,0,0,0,0,1,0,0,0,0,0,1,0,0,0,1,0,0,0,1,0,0,0,0,1,0,1,0,0,0,1,0,1,0,1,0,1,0,0,1
172,30,6350,4,4,1,1,1,0,0,0,0,0,1,0,0,0,0,0,1,0,0,0,0,0,0,0,0,0,0,1,0,0,0,0,1,1,0,0,0,1,0,0,0,0,1,0,1,0,0,0,1,0,1,0,1,0,0,1,1,0
173,6,1169,4,4,2,1,1,0,0,0,0,0,0,0,1,0,0,0,0,1,0,0,0,0,0,0,0,0,0,1,0,0,0,0,1,1,0,0,1,0,0,0,0,0,1,0,1,0,0,0,1,0,0,1,1,0,0,1,1,0
174,18,1936,2,4,2,1,1,0,0,0,0,0,1,0,0,0,0,0,0,1,0,0,0,0,0,0,0,0,0,1,0,0,0,1,0,1,0,0,0,0,1,0,0,0,1,1,0,0,0,1,0,0,1,0,1,0,0,1,0,1
175,12,804,4,4,1,1,0,0,0,1,0,0,1,0,0,0,0,0,0,1,0,0,0,0,0,1,0,0,0,0,0,0,0,0,1,1,0,0,0,0,1,0,0,0,1,0,1,0,0,0,1,0,1,0,1,0,0,1,1,0
176,6,1236,2,4,1,1,0,0,0,1,0,0,1,0,0,0,1,0,0,0,0,0,0,0,0,0,0,1,0,0,0,0,1,0,0,1,0,0,0,1,0,0,0,0,1,1,0,0,0,0,1,0,1,0,1,0,0,1,1,0
177,18,2169,4,2,1,1,0,0,0,1,0,0,0,1,0,0,0,0,0,0,0,0,0,0,1,1,0,0,0,0,0,0,1,0,0,1,0,0,0,0,1,0,0,0,1,0,1,0,0,0,1,0,0,1,1,0,0,1,1,0
178,36,2302,4,4,1,1,1,0,0,0,0,0,1,0,0,0,0,0,0,1,0,0,0,0,0,1,0,0,0,0,0,0,1,0,0,1,0,0,0,0,1,0,0,0,1,1,0,0,0,0,1,0,1,0,1,0,0,1,1,0
179,15,1459,4,2,1,1,0,0,0,1,0,0,0,0,1,0,0,0,0,1,0,0,0,0,0,1,0,0,0,0,0,0,1,0,0,1,0,0,0,0,1,0,0,0,1,0,1,0,0,1,0,0,1,0,1,0,1,0,1,0
180,18,2124,4,4,2,1,1,0,0,0,0,0,0,0,1,0,0,0,1,0,0,0,0,0,0,1,0,0,0,0,0,0,1,0,0,1,0,0,1,0,0,0,0,0,1,1,0,0,0,0,1,0,1,0,1,0,1,0,0,1
181,24,5150,4,4,1,1,0,0,0,1,0,0,0,0,1,0,0,0,1,0,0,0,0,0,0,1,0,0,0,0,0,0,0,0,1,1,0,0,0,0,1,0,0,0,1,0,1,0,0,0,1,0,0,1,1,0,0,1,1,0
182,21,2993,3,2,2,1,0,0,0,1,0,0,0,1,0,0,1,0,0,0,0,0,0,0,0,1,0,0,0,0,0,0,1,0,0,1,0,0,1,0,0,0,0,1,0,0,1,0,0,1,0,0,1,0,1,0,0,1,1,0
183,8,1414,4,2,1,1,0,1,0,0,0,0,1,0,0,0,0,0,0,1,0,0,0,0,0,1,0,0,0,0,0,0,1,0,0,0,0,1,1,0,0,0,0,0,1,0,1,0,0,0,1,0,1,0,0,1,0,1,1,0
184,12,1330,4,1,1,1,0,0,1,0,0,0,1,0,0,1,0,0,0,0,0,0,0,0,0,1,0,0,0,0,0,1,0,0,0,1,0,0,1,0,0,0,0,0,1,0,1,0,0,0,1,0,1,0,1,0,0,1,1,0
185,15,3643,1,4,2,1,1,0,0,0,0,0,0,1,0,0,0,0,1,0,0,0,0,0,0,1,0,0,0,0,0,0,0,0,1,1,0,0,0,1,0,0,0,0,1,0,1,0,0,1,0,0,1,0,1,0,1,0,1,0
186,48,10127,2,2,1,1,0,0,0,1,0,0,0,0,1,1,0,0,0,0,0,0,0,0,0,0,0,1,0,0,0,0,1,0,0,1,0,0,0,0,0,1,1,0,0,0,0,1,0,0,1,0,1,0,1,0,0,1,1,0
187,24,2679,4,1,1,1,0,0,0,1,0,0,1,0,0,0,1,0,0,0,0,0,0,0,0,1,0,0,0,0,0,1,0,0,0,1,0,0,0,0,0,1,0,0,1,0,1,0,0,0,0,1,0,1,1,0,1,0,1,0
188,24,3777,4,4,1,1,0,0,0,1,0,0,0,0,1,0,0,0,1,0,0,0,0,0,0,0,0,0,1,0,0,0,1,0,0,1,0,0,1,0,0,0,0,0,1,0,1,0,0,0,1,0,0,1,1,0,0,1,1,0
189,27,2442,4,4,4,2,1,0,0,0,0,0,0,0,1,0,0,0,0,0,0,0,0,0,1,1,0,0,0,0,0,0,0,0,1,1,0,0,0,0,1,0,0,1,0,0,1,0,0,0,0,1,0,1,1,0,0,1,1,0
190,10,1597,3,2,1,2,0,0,0,1,0,0,1,0,0,1,0,0,0,0,0,0,0,0,0,0,0,1,0,0,0,0,1,0,0,1,0,0,0,0,0,1,0,0,1,1,0,0,0,1,0,0,1,0,0,1,0,1,1,0
191,24,2996,2,4,1,1,1,0,0,0,0,0,1,0,0,0,0,0,1,0,0,0,0,0,0,0,0,0,0,1,0,0,1,0,0,1,0,0,0,0,1,0,0,0,1,0,1,0,0,0,1,0,1,0,1,0,0,1,0,1
192,9,936,4,2,2,1,0,0,0,1,0,0,0,0,1,0,0,0,0,0,0,0,1,0,0,0,0,1,0,0,0,0,0,0,1,1,0,0,0,0,1,0,0,0,1,0,1,0,0,0,1,0,0,1,1,0,0,1,1,0
193,18,7511,1,4,1,2,1,0,0,0,0,0,1,0,0,0,1,0,0,0,0,0,0,0,0,0,0,0,0,1,0,0,0,0,1,1,0,0,0,1,0,0,0,0,1,0,0,1,0,0,1,0,0,1,1,0,0,1,1,0
194,48,7119,3,4,2,2,1,0,0,0,1,0,0,0,0,0,0,0,1,0,0,0,0,0,0,1,0,0,0,0,0,0,1,0,0,1,0,0,0,0,0,1,0,0,1,0,0,1,0,0,1,0,1,0,1,0,0,1,1,0
195,24,9277,2,4,1,1,0,0,0,1,0,0,1,0,0,0,1,0,0,0,0,0,0,0,0,0,0,0,0,1,0,0,1,0,0,1,0,0,0,0,0,1,0,0,1,0,0,1,0,0,1,0,0,1,1,0,0,1,1,0
196,6,860,1,4,2,1,1,0,0,0,0,0,0,0,1,1,0,0,0,0,0,0,0,0,0,1,0,0,0,0,0,0,0,0,1,1,0,0,0,0,0,1,0,0,1,0,1,0,0,0,1,0,0,1,1,0,1,0,1,0
197,24,3972,2,4,1,1,0,0,0,1,0,0,1,0,0,0,0,0,1,0,0,0,0,0,0,1,0,0,0,0,0,0,0,1,0,1,0,0,0,1,0,0,0,0,1,1,0,0,0,0,1,0,0,1,1,0,1,0,1,0
198,6,1361,2,4,1,2,1,0,0,0,0,0,0,0,1,1,0,0,0,0,0,0,0,0,0,1,0,0,0,0,0,1,0,0,0,1,0,0,1,0,0,0,0,0,1,0,1,0,0,1,0,0,1,0,0,1,0,1,1,0
199,30,2503,4,2,2,1,0,1,0,0,0,0,0,1,0,0,0,0,0,0,0,0,0,0,1,0,1,0,0,0,0,0,0,0,1,1,0,0,0,1,0,0,0,1,0,0,1,0,0,0,1,0,1,0,1,0,0,1,1,0
